{"cameraMode":{"drawMode":0,"name":"Shaded","section":"Shading Mode"},"sceneLighting":true,"audioPlay":false,"sceneViewState":{"showFog":true,"showMaterialUpdate":false,"showSkybox":true,"showFlares":true,"showImageEffects":true,"showParticleSystems":true},"in2DMode":false,"pivot":{"x":58.279754638671878,"y":25.270658493041993,"z":94.82042694091797},"rotation":{"x":0.05877407267689705,"y":-0.008674455806612969,"z":0.0005101778660900891,"w":0.9982431530952454},"size":69.46361541748047,"orthographic":false}