{"cameraMode":{"drawMode":0,"name":"Shaded","section":"Shading Mode"},"sceneLighting":true,"audioPlay":false,"sceneViewState":{"showFog":true,"showMaterialUpdate":false,"showSkybox":true,"showFlares":true,"showImageEffects":true,"showParticleSystems":true},"in2DMode":false,"pivot":{"x":-40.07821273803711,"y":-2.1509323120117189,"z":93.85218811035156},"rotation":{"x":0.05877407267689705,"y":-0.008674455806612969,"z":0.0005101778660900891,"w":0.9982431530952454},"size":58.27301788330078,"orthographic":false}