{"cameraMode":{"drawMode":0,"name":"Shaded","section":"Shading Mode"},"sceneLighting":true,"audioPlay":false,"sceneViewState":{"showFog":false,"showMaterialUpdate":false,"showSkybox":false,"showFlares":false,"showImageEffects":false,"showParticleSystems":false},"in2DMode":false,"pivot":{"x":0.01699995994567871,"y":1.0,"z":-6.699989318847656},"rotation":{"x":0.01980818808078766,"y":-0.004503871314227581,"z":0.0000890248702489771,"w":0.9998000264167786},"size":2.529524564743042,"orthographic":false}